[
  { "model": "maintenance.machinecategory", "pk": 1, "fields": { "name": "การตัด/ขึ้นรูปโลหะ", "description": "เครื่องตัด/พับ/ปั๊ม" } },
  { "model": "maintenance.machinecategory", "pk": 2, "fields": { "name": "งานเชื่อม", "description": "เชื่อมไฟฟ้า/CO2/TIG" } },
  { "model": "maintenance.machinecategory", "pk": 3, "fields": { "name": "งานกลึง/กัด", "description": "CNC/Manual Lathe/Mill" } },
  { "model": "maintenance.machinecategory", "pk": 4, "fields": { "name": "ลำเลียง", "description": "สายพาน/โรลเลอร์" } },
  { "model": "maintenance.machinecategory", "pk": 5, "fields": { "name": "อัด/ฉีด", "description": "ไฮดรอลิก/นิวเมติก" } },
  { "model": "maintenance.machinecategory", "pk": 6, "fields": { "name": "หุ่นยนต์", "description": "แขนกล/หยิบจับ" } },
  { "model": "maintenance.machinecategory", "pk": 7, "fields": { "name": "ตรวจสอบคุณภาพ", "description": "เครื่องมือวัด/ทดสอบ" } },
  { "model": "maintenance.machinecategory", "pk": 8, "fields": { "name": "บรรจุภัณฑ์", "description": "แพ็กกิ้ง/ซีล" } },
  { "model": "maintenance.machinecategory", "pk": 9, "fields": { "name": "ทำความสะอาด", "description": "ล้าง/อบ/เป่า" } },
  { "model": "maintenance.machinecategory", "pk": 10, "fields": { "name": "สาธารณูปโภค", "description": "คอมเพรสเซอร์/ชิลเลอร์/บอยเลอร์" } },


  { "model": "maintenance.location", "pk": 1, "fields": { "name": "โรงงาน 1 - ไลน์ A", "note": "การผลิตชิ้นส่วนโลหะ" } },
  { "model": "maintenance.location", "pk": 2, "fields": { "name": "โรงงาน 1 - ไลน์ B", "note": "เชื่อม/ประกอบ" } },
  { "model": "maintenance.location", "pk": 3, "fields": { "name": "โรงงาน 2 - ไลน์ A", "note": "CNC Cell" } },
  { "model": "maintenance.location", "pk": 4, "fields": { "name": "โรงงาน 2 - ไลน์ B", "note": "บรรจุภัณฑ์" } },
  { "model": "maintenance.location", "pk": 5, "fields": { "name": "คลังสินค้า", "note": "รับ-จ่ายวัตถุดิบ" } },
  { "model": "maintenance.location", "pk": 6, "fields": { "name": "ห้องตรวจสอบ", "note": "QC Lab" } },
  { "model": "maintenance.location", "pk": 7, "fields": { "name": "ยูทิลิตี้", "note": "คอมเพรสเซอร์/ชิลเลอร์" } },
  { "model": "maintenance.location", "pk": 8, "fields": { "name": "ซ่อมบำรุง", "note": "Maintenance Shop" } },
  { "model": "maintenance.location", "pk": 9, "fields": { "name": "โหลดดิ้ง", "note": "ท่าขนถ่ายสินค้า" } },
  { "model": "maintenance.location", "pk": 10, "fields": { "name": "สำนักงาน", "note": "ออฟฟิศ" } },


  { "model": "maintenance.machine", "pk": 1, "fields": { "code": "MCH-001", "name": "เครื่องตัดเลเซอร์", "category": 1, "location": 1, "serial_no": "LX-2020-001", "purchase_date": "2022-01-15", "image": null, "is_active": true } },
  { "model": "maintenance.machine", "pk": 2, "fields": { "code": "MCH-002", "name": "เครื่องพับโลหะ", "category": 1, "location": 1, "serial_no": "PB-2019-002", "purchase_date": "2019-11-20", "image": null, "is_active": true } },
  { "model": "maintenance.machine", "pk": 3, "fields": { "code": "MCH-003", "name": "เครื่องเชื่อม CO2", "category": 2, "location": 2, "serial_no": "CO2-2021-003", "purchase_date": "2021-05-10", "image": null, "is_active": true } },
  { "model": "maintenance.machine", "pk": 4, "fields": { "code": "MCH-004", "name": "CNC Lathe", "category": 3, "location": 3, "serial_no": "CNC-L-2020-004", "purchase_date": "2020-07-05", "image": null, "is_active": true } },
  { "model": "maintenance.machine", "pk": 5, "fields": { "code": "MCH-005", "name": "CNC Milling", "category": 3, "location": 3, "serial_no": "CNC-M-2018-005", "purchase_date": "2018-03-28", "image": null, "is_active": true } },
  { "model": "maintenance.machine", "pk": 6, "fields": { "code": "MCH-006", "name": "สายพานลำเลียง A", "category": 4, "location": 1, "serial_no": "CV-2020-006", "purchase_date": "2020-09-12", "image": null, "is_active": true } },
  { "model": "maintenance.machine", "pk": 7, "fields": { "code": "MCH-007", "name": "เครื่องอัดไฮดรอลิก", "category": 5, "location": 2, "serial_no": "HY-2017-007", "purchase_date": "2017-12-01", "image": null, "is_active": true } },
  { "model": "maintenance.machine", "pk": 8, "fields": { "code": "MCH-008", "name": "หุ่นยนต์หยิบจับ", "category": 6, "location": 2, "serial_no": "RB-2023-008", "purchase_date": "2023-04-22", "image": null, "is_active": true } },
  { "model": "maintenance.machine", "pk": 9, "fields": { "code": "MCH-009", "name": "เครื่อง X-Ray ตรวจสอบ", "category": 7, "location": 6, "serial_no": "XR-2019-009", "purchase_date": "2019-02-18", "image": null, "is_active": true } },
  { "model": "maintenance.machine", "pk": 10, "fields": { "code": "MCH-010", "name": "Air Compressor #1", "category": 10, "location": 7, "serial_no": "AC-2016-010", "purchase_date": "2016-06-30", "image": null, "is_active": true } },


  { "model": "maintenance.maintenanceplan", "pk": 1, "fields": { "machine": 1, "title": "ทำความสะอาดเลนส์", "description": "เช็ดทำความสะอาดเลนส์เลเซอร์", "frequency_value": 30, "frequency_unit": "DAYS", "last_done_date": "2025-07-01", "next_due_date": "2025-07-31" } },
  { "model": "maintenance.maintenanceplan", "pk": 2, "fields": { "machine": 2, "title": "หล่อลื่นแกนพับ", "description": "ตรวจและเติมจาระบี", "frequency_value": 2, "frequency_unit": "MONTHS", "last_done_date": "2025-06-15", "next_due_date": "2025-08-14" } },
  { "model": "maintenance.maintenanceplan", "pk": 3, "fields": { "machine": 3, "title": "ตรวจหัวเชื่อม", "description": "ตรวจหัวปืน/สายไฟ/แก๊ส", "frequency_value": 2, "frequency_unit": "WEEKS", "last_done_date": "2025-08-01", "next_due_date": "2025-08-15" } },
  { "model": "maintenance.maintenanceplan", "pk": 4, "fields": { "machine": 4, "title": "เปลี่ยนน้ำมันสไลด์", "description": "เช็กระดับและเปลี่ยน", "frequency_value": 1, "frequency_unit": "MONTHS", "last_done_date": "2025-07-10", "next_due_date": "2025-08-09" } },
  { "model": "maintenance.maintenanceplan", "pk": 5, "fields": { "machine": 5, "title": "ตั้งศูนย์เครื่อง", "description": "calibrate ปีละ 2 ครั้ง", "frequency_value": 6, "frequency_unit": "MONTHS", "last_done_date": "2025-03-01", "next_due_date": "2025-08-28" } },
  { "model": "maintenance.maintenanceplan", "pk": 6, "fields": { "machine": 6, "title": "เช็กลูกปืนโรลเลอร์", "description": "ฟังเสียง/ตรวจระยะคลอน", "frequency_value": 14, "frequency_unit": "DAYS", "last_done_date": "2025-08-05", "next_due_date": "2025-08-19" } },
  { "model": "maintenance.maintenanceplan", "pk": 7, "fields": { "machine": 7, "title": "ตรวจซีลไฮดรอลิก", "description": "รั่วซึม/แรงดัน", "frequency_value": 1, "frequency_unit": "MONTHS", "last_done_date": "2025-07-20", "next_due_date": "2025-08-19" } },
  { "model": "maintenance.maintenanceplan", "pk": 8, "fields": { "machine": 8, "title": "รีเซ็ตจุดรับชิ้นงาน", "description": "re-teach จุดหยิบ/วาง", "frequency_value": 3, "frequency_unit": "MONTHS", "last_done_date": "2025-06-01", "next_due_date": "2025-08-30" } },
  { "model": "maintenance.maintenanceplan", "pk": 9, "fields": { "machine": 9, "title": "Calibrate X-Ray", "description": "สอบเทียบค่าความเข้ม", "frequency_value": 1, "frequency_unit": "MONTHS", "last_done_date": "2025-07-25", "next_due_date": "2025-08-24" } },
  { "model": "maintenance.maintenanceplan", "pk": 10, "fields": { "machine": 10, "title": "ถ่ายน้ำคอนเดนเสท", "description": "ไล่น้ำ/ทำความสะอาดกรอง", "frequency_value": 7, "frequency_unit": "DAYS", "last_done_date": "2025-08-13", "next_due_date": "2025-08-20" } },


  { "model": "maintenance.workorder", "pk": 1, "fields": { "code": "WO-0001", "wo_type": "PM", "priority": "MED", "status": "OPEN", "machine": 1, "plan": 1, "reported_by": 1, "assigned_to": null, "reported_at": "2025-08-15T08:00:00Z", "due_date": "2025-08-31", "started_at": null, "finished_at": null, "summary": "PM ทำความสะอาดเลนส์", "notes": "" } },
  { "model": "maintenance.workorder", "pk": 2, "fields": { "code": "WO-0002", "wo_type": "CM", "priority": "HIGH", "status": "IN_PROGRESS", "machine": 3, "plan": null, "reported_by": 1, "assigned_to": 1, "reported_at": "2025-08-16T02:30:00Z", "due_date": "2025-08-20", "started_at": "2025-08-16T03:00:00Z", "finished_at": null, "summary": "หัวเชื่อม CO2 ไฟไม่ออก", "notes": "ตรวจสายดิน/แก๊ส" } },
  { "model": "maintenance.workorder", "pk": 3, "fields": { "code": "WO-0003", "wo_type": "INS", "priority": "LOW", "status": "OPEN", "machine": 6, "plan": 6, "reported_by": 1, "assigned_to": null, "reported_at": "2025-08-10T10:00:00Z", "due_date": "2025-08-25", "started_at": null, "finished_at": null, "summary": "ตรวจเสียงลูกปืน", "notes": "" } },
  { "model": "maintenance.workorder", "pk": 4, "fields": { "code": "WO-0004", "wo_type": "PM", "priority": "MED", "status": "DONE", "machine": 4, "plan": 4, "reported_by": 1, "assigned_to": 1, "reported_at": "2025-08-01T01:00:00Z", "due_date": "2025-08-09", "started_at": "2025-08-08T02:00:00Z", "finished_at": "2025-08-08T05:00:00Z", "summary": "เปลี่ยนน้ำมันสไลด์", "notes": "ค่าโอเค" } },
  { "model": "maintenance.workorder", "pk": 5, "fields": { "code": "WO-0005", "wo_type": "CM", "priority": "HIGH", "status": "OPEN", "machine": 10, "plan": null, "reported_by": 1, "assigned_to": null, "reported_at": "2025-08-17T04:00:00Z", "due_date": "2025-08-19", "started_at": null, "finished_at": null, "summary": "คอมเพรสเซอร์ดับบ่อย", "notes": "สงสัยโอเวอร์ความร้อน" } },
  { "model": "maintenance.workorder", "pk": 6, "fields": { "code": "WO-0006", "wo_type": "PM", "priority": "LOW", "status": "OPEN", "machine": 2, "plan": 2, "reported_by": 1, "assigned_to": null, "reported_at": "2025-08-05T06:00:00Z", "due_date": "2025-08-14", "started_at": null, "finished_at": null, "summary": "หล่อลื่นแกนพับ", "notes": "" } },
  { "model": "maintenance.workorder", "pk": 7, "fields": { "code": "WO-0007", "wo_type": "INS", "priority": "MED", "status": "OPEN", "machine": 9, "plan": 9, "reported_by": 1, "assigned_to": null, "reported_at": "2025-08-12T07:00:00Z", "due_date": "2025-08-24", "started_at": null, "finished_at": null, "summary": "Calibrate X-Ray", "notes": "" } },
  { "model": "maintenance.workorder", "pk": 8, "fields": { "code": "WO-0008", "wo_type": "CM", "priority": "MED", "status": "IN_PROGRESS", "machine": 6, "plan": null, "reported_by": 1, "assigned_to": 1, "reported_at": "2025-08-18T01:30:00Z", "due_date": "2025-08-22", "started_at": "2025-08-18T02:00:00Z", "finished_at": null, "summary": "สายพานลื่น", "notes": "อาจต้องเปลี่ยนสายพาน" } },
  { "model": "maintenance.workorder", "pk": 9, "fields": { "code": "WO-0009", "wo_type": "PM", "priority": "LOW", "status": "DONE", "machine": 5, "plan": 5, "reported_by": 1, "assigned_to": 1, "reported_at": "2025-07-30T03:00:00Z", "due_date": "2025-08-28", "started_at": "2025-08-01T02:00:00Z", "finished_at": "2025-08-01T05:00:00Z", "summary": "ตั้งศูนย์เครื่อง CNC Mill", "notes": "" } },
  { "model": "maintenance.workorder", "pk": 10, "fields": { "code": "WO-0010", "wo_type": "PM", "priority": "MED", "status": "OPEN", "machine": 8, "plan": 8, "reported_by": 1, "assigned_to": null, "reported_at": "2025-08-10T12:00:00Z", "due_date": "2025-08-30", "started_at": null, "finished_at": null, "summary": "รีเซ็ตจุดรับชิ้นงานหุ่นยนต์", "notes": "" } },


  { "model": "maintenance.workordertask", "pk": 1, "fields": { "workorder": 1, "title": "ถอดฝาครอบ/เช็ดเลนส์", "is_done": false } },
  { "model": "maintenance.workordertask", "pk": 2, "fields": { "workorder": 2, "title": "ตรวจสายไฟ/หัวปืน", "is_done": true } },
  { "model": "maintenance.workordertask", "pk": 3, "fields": { "workorder": 3, "title": "ฟังเสียงลูกปืน", "is_done": false } },
  { "model": "maintenance.workordertask", "pk": 4, "fields": { "workorder": 4, "title": "ระบายน้ำมันเก่า", "is_done": true } },
  { "model": "maintenance.workordertask", "pk": 5, "fields": { "workorder": 5, "title": "ตรวจพัดลม/ตะแกรงกรอง", "is_done": false } },
  { "model": "maintenance.workordertask", "pk": 6, "fields": { "workorder": 6, "title": "จาระบีแกน X/Y", "is_done": false } },
  { "model": "maintenance.workordertask", "pk": 7, "fields": { "workorder": 7, "title": "สอบเทียบค่าความเข้ม", "is_done": false } },
  { "model": "maintenance.workordertask", "pk": 8, "fields": { "workorder": 8, "title": "ตั้งความตึงสายพาน", "is_done": false } },
  { "model": "maintenance.workordertask", "pk": 9, "fields": { "workorder": 9, "title": "เช็กสแตนดาร์ดบล็อก", "is_done": true } },
  { "model": "maintenance.workordertask", "pk": 10, "fields": { "workorder": 10, "title": "Teach จุดหยิบ/วาง ใหม่", "is_done": false } },


  { "model": "maintenance.attachment", "pk": 1, "fields": { "machine": 1, "workorder": null, "file": null, "uploaded_at": "2025-08-10T00:00:00Z" } },
  { "model": "maintenance.attachment", "pk": 2, "fields": { "machine": 2, "workorder": null, "file": null, "uploaded_at": "2025-08-11T00:00:00Z" } },
  { "model": "maintenance.attachment", "pk": 3, "fields": { "machine": 3, "workorder": null, "file": null, "uploaded_at": "2025-08-12T00:00:00Z" } },
  { "model": "maintenance.attachment", "pk": 4, "fields": { "machine": 4, "workorder": null, "file": null, "uploaded_at": "2025-08-13T00:00:00Z" } },
  { "model": "maintenance.attachment", "pk": 5, "fields": { "machine": 5, "workorder": null, "file": null, "uploaded_at": "2025-08-14T00:00:00Z" } },
  { "model": "maintenance.attachment", "pk": 6, "fields": { "machine": null, "workorder": 2, "file": null, "uploaded_at": "2025-08-16T00:00:00Z" } },
  { "model": "maintenance.attachment", "pk": 7, "fields": { "machine": null, "workorder": 4, "file": null, "uploaded_at": "2025-08-08T06:00:00Z" } },
  { "model": "maintenance.attachment", "pk": 8, "fields": { "machine": null, "workorder": 5, "file": null, "uploaded_at": "2025-08-17T05:00:00Z" } },
  { "model": "maintenance.attachment", "pk": 9, "fields": { "machine": null, "workorder": 8, "file": null, "uploaded_at": "2025-08-18T03:00:00Z" } },
  { "model": "maintenance.attachment", "pk": 10, "fields": { "machine": null, "workorder": 10, "file": null, "uploaded_at": "2025-08-10T13:00:00Z" } }
]